N,E,R,coverage_E_over_N,conditional_R_over_E,confirmed_R_over_N,task,stratum,historical_successes,historical_episodes,historical_success_rate
15,15,1,1.0,0.06666666666666667,0.06666666666666667,ArrangeBreadBasket,composite_unseen,35,50,0.7
27,26,1,0.9629629629629629,0.038461538461538464,0.037037037037037035,ArrangeTea,composite_unseen,23,50,0.46
30,29,7,0.9666666666666667,0.2413793103448276,0.23333333333333334,BreadSelection,composite_unseen,20,50,0.4
45,44,0,0.9777777777777777,0.0,0.0,CategorizeCondiments,composite_unseen,5,50,0.1
32,28,1,0.875,0.03571428571428571,0.03125,CloseBlenderLid,atomic_seen,18,50,0.36
0,0,0,,,,CloseFridge,atomic_seen,50,50,1.0
6,6,3,1.0,0.5,0.5,CloseToasterOvenDoor,atomic_seen,44,50,0.88
17,17,1,1.0,0.058823529411764705,0.058823529411764705,CoffeeSetupMug,atomic_seen,33,50,0.66
26,26,4,1.0,0.15384615384615385,0.15384615384615385,CuttingToolSelection,composite_unseen,24,50,0.48
23,22,1,0.9565217391304348,0.045454545454545456,0.043478260869565216,DeliverStraw,composite_seen,27,50,0.54
12,11,0,0.9166666666666666,0.0,0.0,GarnishPancake,composite_unseen,38,50,0.76
50,48,1,0.96,0.020833333333333332,0.02,GatherTableware,composite_unseen,0,50,0.0
32,30,0,0.9375,0.0,0.0,GetToastedBread,composite_seen,18,50,0.36
50,48,0,0.96,0.0,0.0,HeatKebabSandwich,composite_unseen,0,50,0.0
17,14,4,0.8235294117647058,0.2857142857142857,0.23529411764705882,KettleBoiling,composite_seen,33,50,0.66
13,13,3,1.0,0.23076923076923078,0.23076923076923078,LoadDishwasher,composite_seen,37,50,0.74
24,23,0,0.9583333333333334,0.0,0.0,MakeIceLemonade,composite_unseen,26,50,0.52
9,6,0,0.6666666666666666,0.0,0.0,NavigateKitchen,atomic_seen,41,50,0.82
3,3,0,1.0,0.0,0.0,OpenCabinet,atomic_seen,47,50,0.94
2,2,1,1.0,0.5,0.5,OpenDrawer,atomic_seen,48,50,0.96
2,0,0,0.0,,0.0,OpenStandMixerHead,atomic_seen,48,50,0.96
32,31,2,0.96875,0.06451612903225806,0.0625,PackIdenticalLunches,composite_seen,18,50,0.36
50,39,0,0.78,0.0,0.0,PanTransfer,composite_unseen,0,50,0.0
8,8,1,1.0,0.125,0.125,PickPlaceCounterToCabinet,atomic_seen,42,50,0.84
8,8,1,1.0,0.125,0.125,PickPlaceCounterToStove,atomic_seen,42,50,0.84
3,3,1,1.0,0.3333333333333333,0.3333333333333333,PickPlaceDrawerToCounter,atomic_seen,47,50,0.94
3,2,0,0.6666666666666666,0.0,0.0,PickPlaceSinkToCounter,atomic_seen,47,50,0.94
5,5,0,1.0,0.0,0.0,PickPlaceToasterToCounter,atomic_seen,45,50,0.9
35,33,1,0.9428571428571428,0.030303030303030304,0.02857142857142857,PortionHotDogs,composite_unseen,15,50,0.3
12,3,0,0.25,0.0,0.0,PreSoakPan,composite_seen,38,50,0.76
39,39,6,1.0,0.15384615384615385,0.15384615384615385,PrepareCoffee,composite_seen,11,50,0.22
38,37,2,0.9736842105263158,0.05405405405405406,0.05263157894736842,RecycleBottlesByType,composite_unseen,12,50,0.24
18,6,2,0.3333333333333333,0.3333333333333333,0.1111111111111111,RinseSinkBasin,composite_seen,32,50,0.64
13,6,1,0.46153846153846156,0.16666666666666666,0.07692307692307693,ScrubCuttingBoard,composite_seen,37,50,0.74
36,26,0,0.7222222222222222,0.0,0.0,SearingMeat,composite_seen,14,50,0.28
42,40,0,0.9523809523809523,0.0,0.0,SeparateFreezerRack,composite_unseen,8,50,0.16
12,12,3,1.0,0.25,0.25,SetUpCuttingStation,composite_seen,38,50,0.76
11,11,1,1.0,0.09090909090909091,0.09090909090909091,SlideDishwasherRack,atomic_seen,39,50,0.78
7,7,0,1.0,0.0,0.0,StackBowlsCabinet,composite_seen,43,50,0.86
18,3,0,0.16666666666666666,0.0,0.0,SteamInMicrowave,composite_seen,32,50,0.64
23,17,3,0.7391304347826086,0.17647058823529413,0.13043478260869565,StirVegetables,composite_seen,27,50,0.54
6,6,0,1.0,0.0,0.0,StoreLeftoversInBowl,composite_seen,44,50,0.88
16,16,2,1.0,0.125,0.125,TurnOffStove,atomic_seen,34,50,0.68
2,2,0,1.0,0.0,0.0,TurnOnElectricKettle,atomic_seen,48,50,0.96
18,18,0,1.0,0.0,0.0,TurnOnMicrowave,atomic_seen,32,50,0.64
8,2,0,0.25,0.0,0.0,TurnOnSinkFaucet,atomic_seen,42,50,0.84
32,30,1,0.9375,0.03333333333333333,0.03125,WaffleReheat,composite_unseen,18,50,0.36
18,6,0,0.3333333333333333,0.0,0.0,WashFruitColander,composite_unseen,32,50,0.64
20,8,0,0.4,0.0,0.0,WashLettuce,composite_seen,30,50,0.6
36,34,1,0.9444444444444444,0.029411764705882353,0.027777777777777776,WeighIngredients,composite_unseen,14,50,0.28
