case_id,task,stratum,strict_rescued,development_exposed,horizon,trigger_step,remaining_step_budget,astra_terminal_steps,success_lag_steps,remaining_budget_fraction_to_success
native-B-0097-SlideDishwasherRack-2090900097,SlideDishwasherRack,atomic_seen,True,True,450,240,210,367,127,0.6047619047619047
native-B-0186-OpenDrawer-2090900186,OpenDrawer,atomic_seen,True,False,750,384,366,674,290,0.7923497267759563
native-B-0230-CuttingToolSelection-2090900230,CuttingToolSelection,composite_unseen,True,False,1200,608,592,811,203,0.34290540540540543
native-B-0237-PickPlaceCounterToCabinet-2090900237,PickPlaceCounterToCabinet,atomic_seen,True,False,750,384,366,738,354,0.9672131147540983
native-B-0279-RinseSinkBasin-2090900279,RinseSinkBasin,composite_seen,True,False,1350,688,662,824,136,0.2054380664652568
native-B-0280-CuttingToolSelection-2090900280,CuttingToolSelection,composite_unseen,True,False,1200,608,592,976,368,0.6216216216216216
native-B-0300-ArrangeBreadBasket-2090900300,ArrangeBreadBasket,composite_unseen,True,False,4350,2176,2174,3452,1276,0.5869365225390984
native-B-0365-SetUpCuttingStation-2090900365,SetUpCuttingStation,composite_seen,True,False,2400,1200,1200,1828,628,0.5233333333333333
native-B-0403-PackIdenticalLunches-2090900403,PackIdenticalLunches,composite_seen,True,False,3900,1952,1948,2277,325,0.1668377823408624
native-B-0473-LoadDishwasher-2090900473,LoadDishwasher,composite_seen,True,False,1800,912,888,1132,220,0.24774774774774774
native-B-0522-BreadSelection-2090900522,BreadSelection,composite_unseen,True,False,1950,976,974,1273,297,0.3049281314168378
native-B-0525-PrepareCoffee-2090900525,PrepareCoffee,composite_seen,True,False,1800,912,888,1365,453,0.5101351351351351
native-B-0575-PrepareCoffee-2090900575,PrepareCoffee,composite_seen,True,False,1800,912,888,1456,544,0.6126126126126126
native-B-0616-StirVegetables-2090900616,StirVegetables,composite_seen,True,False,2400,1200,1200,1339,139,0.11583333333333333
native-B-0630-CuttingToolSelection-2090900630,CuttingToolSelection,composite_unseen,True,False,1200,608,592,1127,519,0.8766891891891891
native-B-0680-CuttingToolSelection-2090900680,CuttingToolSelection,composite_unseen,True,False,1200,608,592,893,285,0.4814189189189189
native-B-0722-BreadSelection-2090900722,BreadSelection,composite_unseen,True,False,1950,976,974,1498,522,0.5359342915811088
native-B-0752-WaffleReheat-2090900752,WaffleReheat,composite_unseen,True,False,4050,2032,2018,3988,1956,0.9692765113974232
native-B-0765-SetUpCuttingStation-2090900765,SetUpCuttingStation,composite_seen,True,False,2400,1200,1200,2174,974,0.8116666666666666
native-B-0825-PrepareCoffee-2090900825,PrepareCoffee,composite_seen,True,False,1800,912,888,1489,577,0.6497747747747747
native-B-0857-WeighIngredients-2090900857,WeighIngredients,composite_unseen,True,False,3000,1504,1496,2312,808,0.5401069518716578
native-B-0869-PortionHotDogs-2090900869,PortionHotDogs,composite_unseen,True,False,2250,1136,1114,1346,210,0.18850987432675045
native-B-0878-KettleBoiling-2090900878,KettleBoiling,composite_seen,True,False,1500,752,748,1369,617,0.8248663101604278
native-B-0973-LoadDishwasher-2090900973,LoadDishwasher,composite_seen,True,False,1800,912,888,1329,417,0.46959459459459457
native-B-1139-TurnOffStove-2090901139,TurnOffStove,atomic_seen,True,False,750,384,366,674,290,0.7923497267759563
native-B-1175-PrepareCoffee-2090901175,PrepareCoffee,composite_seen,True,False,1800,912,888,1654,742,0.8355855855855856
native-B-1218-GatherTableware-2090901218,GatherTableware,composite_unseen,True,False,2250,1136,1114,1607,471,0.4228007181328546
native-B-1244-CloseToasterOvenDoor-2090901244,CloseToasterOvenDoor,atomic_seen,True,False,450,240,210,322,82,0.3904761904761905
native-B-1288-PickPlaceDrawerToCounter-2090901288,PickPlaceDrawerToCounter,atomic_seen,True,False,750,384,366,608,224,0.6120218579234973
native-B-1316-StirVegetables-2090901316,StirVegetables,composite_seen,True,False,2400,1200,1200,1453,253,0.21083333333333334
native-B-1378-KettleBoiling-2090901378,KettleBoiling,composite_seen,True,False,1500,752,748,932,180,0.24064171122994651
native-B-1441-PickPlaceCounterToStove-2090901441,PickPlaceCounterToStove,atomic_seen,True,False,600,304,296,407,103,0.34797297297297297
native-B-1525-PrepareCoffee-2090901525,PrepareCoffee,composite_seen,True,False,1800,912,888,1225,313,0.3524774774774775
native-B-1572-BreadSelection-2090901572,BreadSelection,composite_unseen,True,False,1950,976,974,1261,285,0.2926078028747433
native-B-1575-PrepareCoffee-2090901575,PrepareCoffee,composite_seen,True,False,1800,912,888,1594,682,0.7680180180180181
native-B-1661-DeliverStraw-2090901661,DeliverStraw,composite_seen,True,False,2550,1280,1270,1451,171,0.1346456692913386
native-B-1672-BreadSelection-2090901672,BreadSelection,composite_unseen,True,False,1950,976,974,1396,420,0.43121149897330596
native-B-1723-LoadDishwasher-2090901723,LoadDishwasher,composite_seen,True,False,1800,912,888,1001,89,0.10022522522522523
native-B-1753-PackIdenticalLunches-2090901753,PackIdenticalLunches,composite_seen,True,False,3900,1952,1948,3627,1675,0.8598562628336756
native-B-1758-RecycleBottlesByType-2090901758,RecycleBottlesByType,composite_unseen,True,False,2850,1440,1410,2302,862,0.6113475177304964
native-B-1772-BreadSelection-2090901772,BreadSelection,composite_unseen,True,False,1950,976,974,1854,878,0.9014373716632443
native-B-1831-ScrubCuttingBoard-2090901831,ScrubCuttingBoard,composite_seen,True,False,1200,608,592,997,389,0.6570945945945946
native-B-1844-CloseToasterOvenDoor-2090901844,CloseToasterOvenDoor,atomic_seen,True,False,450,240,210,434,194,0.9238095238095239
native-B-1966-StirVegetables-2090901966,StirVegetables,composite_seen,True,False,2400,1200,1200,1738,538,0.4483333333333333
native-B-2028-KettleBoiling-2090902028,KettleBoiling,composite_seen,True,False,1500,752,748,908,156,0.20855614973262032
native-B-2058-RecycleBottlesByType-2090902058,RecycleBottlesByType,composite_unseen,True,False,2850,1440,1410,2055,615,0.43617021276595747
native-B-2122-BreadSelection-2090902122,BreadSelection,composite_unseen,True,False,1950,976,974,1882,906,0.9301848049281314
native-B-2179-RinseSinkBasin-2090902179,RinseSinkBasin,composite_seen,True,False,1350,688,662,1059,371,0.5604229607250756
native-B-2217-ArrangeTea-2090902217,ArrangeTea,composite_unseen,True,False,2250,1136,1114,1574,438,0.39317773788150806
native-B-2239-TurnOffStove-2090902239,TurnOffStove,atomic_seen,True,False,750,384,366,495,111,0.30327868852459017
native-B-2278-KettleBoiling-2090902278,KettleBoiling,composite_seen,True,False,1500,752,748,1480,728,0.9732620320855615
native-B-2340-CoffeeSetupMug-2090902340,CoffeeSetupMug,atomic_seen,True,False,600,304,296,502,198,0.668918918918919
native-B-2415-SetUpCuttingStation-2090902415,SetUpCuttingStation,composite_seen,True,False,2400,1200,1200,2312,1112,0.9266666666666666
native-B-2433-CloseBlenderLid-2090902433,CloseBlenderLid,atomic_seen,True,False,900,464,436,633,169,0.3876146788990826
native-B-2444-CloseToasterOvenDoor-2090902444,CloseToasterOvenDoor,atomic_seen,True,False,450,240,210,299,59,0.28095238095238095
native-B-2472-BreadSelection-2090902472,BreadSelection,composite_unseen,True,False,1950,976,974,1135,159,0.16324435318275154
